sample,solar_capex,wind_capex,battery_capex,diesel_opex,total_cost,solar_mw,solar_mwh,wind_mw,wind_mwh,diesel_mw,diesel_mwh,battery_mw,battery_discharge_mwh
0,599224.3300996587,1145722.7699203053,861167.0317155716,254.2279818922766,84140461.65779385,854.8322874941515,838678.5629121274,57.56033055241154,53286.60272763923,36.92024556441355,28649.672378020306,344.4083747700708,411038.8041995267
1,624781.7493889953,1416251.5317579908,311195.0587957404,235.3698541340251,64132136.88055825,861.5560876158509,856725.9984407099,40.76052730171491,38121.360383183404,37.531960684094905,27058.854338180077,372.1222313004147,422992.30232997297
2,694721.6789094114,1414287.8951773583,789745.893463611,276.30851217019233,88801755.25400114,862.6630854548532,847024.5784408593,49.42755569041014,45842.93592045457,37.56345672712626,28300.340527463602,348.90128264079124,416157.7552361326
3,810992.044229828,989544.95620979,422456.8775136076,226.95418229807476,77228824.56938356,758.7211033334421,799977.5915683289,86.97265789458653,81585.3269712037,36.09509217557039,36748.6969465097,352.6112989631753,389719.23153389123
4,519585.5037022381,1038688.8414999703,768737.5659345209,206.18246819034576,73895264.89247547,851.540766427104,837966.7318824604,56.61937042458442,52476.22065762276,37.314715467694185,30098.86896570737,342.7585832629587,410362.933408996
5,781835.5208015584,1443512.5753985597,656338.8262875103,272.8771292273481,88735997.47354925,825.0263416776745,835233.6101581437,58.14102717232085,54355.87416956358,37.60135660889142,30909.66109646442,353.34793345527066,409967.9060893961
6,642136.9728563759,1387032.3036990867,332277.34626153664,269.1034714665707,66842594.14512972,869.4476417339777,856485.1982791902,44.94102044133949,41895.1758679347,36.2177910293458,23564.368073780224,377.1874124032621,423348.94310531404
7,537198.149412294,1037046.4198874466,509962.8839716851,290.5545699629038,66889699.942689486,899.0249550997095,855403.5708974476,48.52394517106751,44663.90301089363,35.67517887546588,21682.66347276845,355.63894170162695,421547.6008702851
8,765186.7176954602,1187987.5589318243,608606.850470406,215.40947614778128,82733464.6189464,777.4125728319389,815282.3456403526,69.72603865935686,65608.48260259026,38.19335902427704,38305.28404571649,348.72870005992144,397906.49680939765
9,800670.7100169715,1301557.6025246182,758497.2864212738,233.8130569095997,91823352.04264483,781.925870052882,815458.1357573825,68.80640306770452,64639.63701711192,38.41928446008385,39053.570843153815,344.1406004012011,397492.0996238841
10,508942.86186508444,896001.8729229684,604502.5416704125,200.21792750908105,66102378.52446806,839.0640422695575,830294.0867864978,65.68356061317554,60890.25968110276,36.343920022742104,28936.81651408323,344.5683418125567,406469.1455320098
11,744067.8293546927,1186243.109710976,738323.1618518899,236.97022018867526,87445645.883084,790.8589841272823,819510.53625557,67.04562613230924,62908.99343068142,38.17867216030121,37016.71103558356,346.06480086246796,400129.2241011006
12,881251.3343312785,1112781.174227908,499197.28653867636,259.69727609778175,86016312.77163553,765.5354200744353,802614.9278639124,85.55807982250413,80166.00361694761,36.06851387322649,35694.87515115237,351.71378705714136,391239.05214146175
13,824177.9530416251,1346276.1230457288,530066.254089582,205.09498440564457,83223497.94553985,772.5208306940215,817412.2513115205,64.65375614221801,61024.90994136533,39.06857779111191,40860.94140784904,350.8785849377864,398850.5615355333
14,815907.7251604799,860367.6591292754,857716.3678260023,269.6734057474549,94888684.3544795,757.6845755950563,777054.0806139949,113.18802230373157,104162.25316116754,33.26708593257174,35508.68728432285,334.85796248743935,375033.062611145
15,743273.8988580337,1427005.289237456,532101.4354162237,295.02064975341233,82028497.39638458,852.1872200281568,847267.9500210432,50.24786820253575,46845.51064439106,37.23776202578619,27174.75310612804,359.6507697000063,417271.8464331913
16,832441.153085607,1330819.5482741771,704593.0502437989,268.89613758019584,92927070.78168769,794.5939237744062,822229.7111447938,66.22554617595765,62136.93472692063,37.90085888708703,35288.49702056419,349.95578429433226,402155.4723967448
17,845172.911337645,1174363.5828740918,521771.39164833986,277.63687175091263,85906938.93070458,791.7014026946383,816536.2394410296,75.71431393978514,70773.78537290465,36.244496311600216,32063.53537087005,354.91278941350436,399549.0273352525
18,703346.6092492056,1028751.8775951653,483773.06753604114,293.9720414911696,76004332.38741967,818.4165323241369,825662.5953942516,71.50622389868192,66568.2639113664,35.5643985402812,27739.00907729825,357.3529601515061,405068.7006562376
19,689954.0140294367,1377737.8281285316,892819.3897381098,284.9258094037383,92670905.45488667,863.3626814002027,845847.3896179094,50.65402940534314,46925.48370426308,37.439147487196536,28306.05550210279,347.3130067573921,415334.61910061294
20,829093.9406570022,804012.9829017621,492498.1588801998,270.46296604385196,81103869.09991132,757.5184486935751,782560.847933691,110.6022281092152,102214.17896289955,32.72912033960801,32448.301763697113,348.32846774334,379645.6021980604
21,504554.83140010084,921437.8007562935,860386.6105477016,271.2114721241452,77738502.05303147,884.2360380241478,836569.2027295651,65.82113003973333,60171.49600868616,34.51441976582875,23692.578256361703,341.3783916331856,409358.2008824564
22,630178.7773439583,919023.2114362573,636849.2289873075,261.98327457981475,76332385.78620768,817.2390160703708,813737.5601498663,84.55269429699437,78021.76233878909,34.24378595988439,27379.869798265572,346.6345763869118,397379.62192151183
23,791756.0687055332,1339520.4353558645,660453.0729538859,255.24494503417992,88445985.08162038,797.3529068627025,823815.1505674156,64.96979198673205,60931.55534766797,37.95000998006774,35007.78102266262,350.34754911455747,403075.0416381247
24,898991.5104030564,1193756.6655203388,593988.1540323,244.63889964790224,90662017.88244158,766.0857089664921,805467.2087255768,80.54844165395073,75603.94516418321,36.96619307737668,37540.9117092166,349.42364795400476,392500.32104079565
25,812577.5788831753,1371902.8756361362,616116.0240757752,270.16312884417704,88518730.0526315,805.3538415146639,828159.7874547634,62.65531021036438,58734.75800152801,37.73325454950741,33167.83480577294,353.9557648655672,405925.0285632235
26,515853.11937996873,1022431.0785738295,431015.6342666899,232.78457444597842,60996557.57300802,879.5790334845628,854573.2397618389,45.81175802731234,42422.36884817253,36.87992182081537,24716.981730792002,356.95342412046244,421200.05006129516
27,787621.2223608819,1397934.8056910755,720348.3115028833,277.4221370577328,91569928.17615089,820.740317402551,832944.1873008658,59.55116912898719,55681.18107883907,37.67639253733714,31716.05841973314,351.6507516822266,408507.997793785
28,663570.6850294683,856677.1611179797,832456.2451466562,256.2360466963087,85172027.57989572,777.5526035067678,784910.0919747454,108.72960565353269,99963.39217167176,32.89580110012659,32355.21956935049,335.9384082820303,379695.35591673345
29,822173.1383908583,1138645.204518647,463023.80074278254,293.6671016033689,82556634.4913607,796.9712075374365,818612.9095252836,75.83070294194181,70837.41343619938,35.67402556572369,30095.214282727116,360.07804165033576,401140.91755180364
30,726378.7533551627,1042959.8184549182,443222.04280518816,295.77377867396206,75818185.29925387,818.5295871999874,827483.7123014712,70.25361520945724,65456.88349764372,35.444870328423065,27172.997280363303,362.37732345720536,406399.0754115925
31,833779.0344779335,1305785.9396943168,541902.5303316752,263.71790693742315,86239278.42228864,796.872398378845,825484.9119872248,64.31986931948715,60381.46025866328,37.752162391178445,34038.45514849997,355.5456981561122,404466.654582939
32,711246.9750465787,1106234.1598939674,566884.6059061824,239.95062287844985,78566550.32625228,800.7224082059716,825312.8023460724,64.97759994714811,60925.17497209489,37.64377183846734,33642.52308736688,352.8694431397121,404241.4739938041
33,557363.4906135981,1039959.8796763041,740961.5476356489,296.60459125778857,77497555.8825888,892.5633608913683,848876.5850078894,54.07632805932977,49710.63917683721,35.48931373557353,22700.80577894597,349.26653046180917,417270.145031956
34,885244.3581369775,1374827.5853237289,540626.4938259404,250.90488590043242,88930804.99270916,780.6518758435252,818319.991454285,68.26268630827333,64262.48118479863,37.991295922628154,36849.1627332232,353.37422436374754,400086.5950964935
35,777703.5893756932,1343156.3748124614,389881.52465725085,235.27629553480213,76107116.17477077,803.0288612120776,832335.2331419444,58.379987401594256,54915.701183656856,37.88922227933976,33119.68974898518,363.90909171984833,408778.2597509278
36,828575.7880017452,1236471.6803968032,450615.6772593838,207.80059302017173,79906627.56303301,766.8144677789196,813267.2572807898,70.15136693584903,66231.6986589981,38.28660506269202,39594.80924414162,353.76972684299346,396959.1300194628
37,818347.6175760998,1206894.2173788578,371453.579514629,255.52331171155595,77719963.73465909,796.3562589201944,826143.8714783469,65.86668102362778,61906.96322105803,36.94823834080178,31971.64986813442,365.0457929083524,405555.7376472356
38,866023.9998491175,1437039.7500518803,365217.62855109427,281.805672319545,82010302.00590014,813.4270194155245,837559.0554856923,56.02289828556944,52650.48519735695,37.31727184365542,30537.794529995303,371.66061056981056,412265.2525966558
39,751407.5329271833,866193.653037236,577363.9883596951,252.18710730314586,80123425.30532047,765.9776621340633,785891.3103489574,107.62669197255013,99343.63003656304,33.055406196562785,32159.22334972931,344.4701878245388,381226.9217380943
40,734725.7264219082,1131576.4935505763,428776.3397377491,211.11616501636752,73487102.62456445,782.9430656581636,819681.8827852405,67.56464965599861,63580.959823019904,37.91980313297256,36264.96368669682,354.64943009335144,400976.79261128337
41,794080.6747639391,870042.1788562903,827813.9365295256,296.12055353911086,93537582.12224595,771.8681042771759,781300.522599185,113.59558183707605,104154.05094493536,32.231008695860346,31579.045660345208,338.5101684958549,377889.5736454499
42,596583.079146876,1129122.6398060424,394688.8897241294,230.2972483312512,64757030.76710289,845.3460336548012,845207.6432511255,52.388446554098195,48907.16306702364,36.99779990892415,27074.007325572005,363.05525915700173,416351.75807035505
43,797805.9956269377,1001693.6980202302,472076.85265526595,295.5144658635089,80807670.44716497,791.0439450095242,806621.2192431482,90.01133030860586,83409.09734262218,33.98226059379856,28740.061554851494,355.9311194424263,393965.72687500017
44,788956.6391542092,1182849.7225323694,618783.1289643749,267.3656043183255,86316364.19290367,796.5248388380936,817333.9855330118,74.87883441312476,69883.32427286242,36.401852347813666,32173.782163247917,351.00084459407844,399711.3087234247
45,555543.8713250038,1178806.8009507176,502575.2836866508,283.33919616273784,68056883.25785658,905.1410069639508,862026.9280157466,41.28578744025536,38095.87265782015,36.34032440089233,22060.48778802538,358.74850388337796,425557.02497423766
46,661642.3667122525,1079162.363649249,582943.7397599326,228.64725981665893,75870172.26556835,810.4203143011348,828442.7718823082,63.083454851023355,59039.36606036255,37.58064977859664,32584.911350142527,351.70147945413686,405968.24702733575
47,886508.7314495511,1320614.4130710615,436562.73478835355,245.730892386128,84376208.78869717,777.3784675727095,818387.2272250964,68.31526460544924,64397.49051385193,37.840934836040304,36680.56438825802,358.0364017074139,400398.0432636409
48,759842.3606223798,808254.6288014617,405046.61154634925,242.49697552010196,73067832.783311,757.219017503217,782749.8516894798,110.4454888342039,102131.09839852428,32.707172391816584,32363.475956777555,349.2962881404489,379840.8882442742
49,831137.9086377316,1380505.7859953453,479588.0653010801,233.67878387472012,82861086.47196464,787.7000085984754,824839.1329805742,61.60228502832244,58025.05701574194,38.555832441620225,36966.14368271282,355.98393087236286,403777.1101920487
50,649284.8790171017,1376322.1817010301,623033.5141408347,253.73725289776394,78659889.08180888,860.5697844651418,847779.5087588178,49.438256146956036,45931.654524098034,37.41833490675103,27547.59565925988,352.7348859524162,416999.20044835715
51,696222.3962238423,1260387.9296265289,631484.9520471401,227.99987295047583,80561440.2828026,814.4583744312164,829914.8785985159,61.24002553419858,57281.876697743006,37.812269499695745,32935.14828723692,349.6987793247183,406568.5649487815
52,704589.5160110698,961861.6661704574,641836.0686544286,236.71067772796331,80227948.54575418,775.4809183355368,799009.0596663433,91.66585132044905,85035.68402957564,35.18847513091568,34128.65262182874,343.3861638419121,388439.81820685626
53,746230.8119170221,863972.1688515905,727059.0066611385,277.90028012061384,86437463.61412816,769.3673661792409,781725.5596972909,113.03812598645355,103818.31840152381,32.30553452498983,31544.808168172607,340.51092541002765,378399.2969677674
54,677061.4363126678,1012827.809879531,696365.6385750761,271.7352807043951,82201682.15493187,817.69453831533,817410.1378591403,79.50566631277285,73528.29568323205,35.00939884259077,28424.658215896434,346.6492684697256,399452.12728450086
55,725640.9150803752,823978.4276011654,592472.8878178031,274.14012700120804,79671092.1784443,772.6502347382708,783837.1593959299,112.88031054964374,103602.97949508822,31.902515447415446,29822.875833105536,345.0836947445313,380012.95268638793
56,554069.9563632095,1312811.6082175022,689270.1939998164,204.41079064797998,73826472.95903908,867.5514721380649,848774.939974813,47.14592609272684,43696.1691831114,37.791207892199054,28777.81839186718,347.4571609070754,416908.1970470575
57,615417.0471979103,1396684.418107443,581215.8861516423,261.69188315430915,75179054.11057964,885.4304577850589,856447.1252884897,43.99033599794301,40687.91436944135,36.98200518338208,24678.950080338807,355.6908143990479,422138.64448399853
58,776495.9277259384,1044192.0579448532,628416.4529326564,269.96282376622435,85300560.46486604,785.0604154430442,804783.8587172454,88.33565855159114,81907.75645280642,35.02156482718783,31889.065420352825,347.61767697382487,392209.808525553
59,608478.2801307869,858051.5397494133,596341.3096355884,274.0160420779382,73442802.34253763,816.9953517518677,811976.8601737029,87.25241016784285,80446.02411975781,33.76513897523992,26618.13838568434,347.74768711915874,396470.9237572268
60,719051.7150770333,829592.7555542793,753662.2603591973,249.9579551712674,84792444.07025485,760.9828490210285,778767.352390739,112.512776131328,103580.23107916098,33.0163615164095,34509.48451093849,336.34518823208555,376255.3430882869
61,797343.2189248195,807764.9845269563,809558.7510535538,290.02109952505856,92320113.88688637,765.9369682482981,776889.0698835875,117.82522533462692,107863.66687185751,32.50850033107404,31986.4206105801,337.99341760570627,375163.9140639893
62,502660.1420408444,1368324.9365094763,810450.4242677795,251.58900362226117,76721595.49628487,917.5935567751839,861480.4851552239,40.180538250527114,36867.17874448776,36.85362391996994,23678.030481385096,347.462490403582,424098.2695111913
63,733135.2091947661,1053146.5878519116,333859.317640667,214.76280330468927,69319995.00774755,777.4125728319389,818165.1627475522,69.72603865935686,65765.26786647044,37.37696802309183,35558.1706004726,361.970347259409,400613.89430239
64,660069.4598961336,837037.6895806639,658478.1037027712,298.7339517183477,79360127.5134529,810.7729010828876,800384.4192688261,100.38714051043483,92082.00381760875,32.14704097067042,25817.270758656785,345.2627801740318,389460.77737022005
65,577007.519775875,891390.7628644884,586037.0696295211,281.9154258760807,71589968.55744332,844.0299630198019,826608.4508214956,74.3245777202001,68510.77306823479,34.460669759151756,24832.87642653375,349.6920729140133,404904.2321418428
66,837805.2562509574,1275557.5811541826,433217.35147486423,232.828643099067,80861968.06270736,778.2578215061495,818542.5908252053,68.22850699557358,64290.50709686889,37.861913587670195,36637.49182362624,357.28250008529415,400447.1727579065
67,735303.1035662855,1142673.6645518076,424283.85015438363,209.01769196377887,73316422.36380212,782.7273973306412,819671.7452524798,67.57674173713599,63597.90227701825,37.912202704454685,36259.21336733267,354.89737853321026,400986.55443888134
68,573707.789890179,1218474.388604826,653781.1094206104,268.4023659651525,75053388.48064463,895.3790029125852,857581.4776638811,43.50489285800796,40169.14601615737,36.80445736461845,24108.348306527325,352.6367039114553,422555.0186284805
69,645722.5215197594,942556.168644493,724679.0747936787,265.4733072037142,80890907.38902414,811.2675244719851,809188.2249989391,87.86134124438045,81055.04962521164,34.20245318369892,28578.497983072513,343.2380373074583,394441.4551427709
70,724452.713417172,833624.4581575865,352831.4489680111,267.7494054486932,69991295.77010915,780.53141923274,799196.1023641283,97.89015144142371,90807.21877675004,32.89447953909941,28345.209858989416,361.22148804458084,390060.9366746866
71,521288.5222932099,946456.5210527732,410499.4185405004,291.10591930195756,61541282.54670492,898.8366874310394,854526.6269167954,51.10812631169177,47075.502527910256,34.89188703396114,20133.28227901332,361.9455473969612,421411.29414418084
72,696944.3271376722,1021077.1473191438,805560.3796877154,236.54393575302987,86478766.42280829,777.6750388520522,797915.2884043768,91.26434251293865,84543.33240673984,35.487062695290575,35573.57115161218,337.97891216253873,387132.77276680956
73,596071.9651801533,880558.202226718,398801.7420668304,221.37300951776,63574386.28314071,804.7263836394459,820234.2057587412,74.93912426984168,69856.84650034801,35.70606333400808,29531.890430017076,356.230210957148,401857.41410584305
74,597790.712425661,1430338.306819807,418568.74193062045,299.0558231699689,68376359.07903276,917.5205572522563,867729.4279153931,37.838829002091046,34900.82871341023,35.7898270510784,19956.132973649692,367.4813607252526,429288.2945088721
75,731252.0758845935,1351982.0140367402,345221.261066476,216.9992431855703,71053094.57922716,804.5081911669195,833673.0074123736,57.326621055914266,53934.96394341879,37.86346652368861,32854.70781459693,365.9252517503023,409630.3594838727
76,786127.0523169581,1432256.6395789345,321351.5219606816,214.16122782869712,73422379.42775114,800.134169425405,836723.7563002231,50.06277507226397,47307.24232075499,39.01471563645711,36563.850665823054,368.7663559859373,410853.78030501725
77,891394.1580476387,1226528.8159356108,486484.77765337226,229.8373029887889,85568726.32512307,765.4735724698187,811553.7097539423,72.1587456414734,68093.62848244503,38.06538323606482,39344.82938899685,353.2477560898077,396018.70133651793
78,739898.5289919134,1101840.6567953518,431693.8966333207,292.93528693021784,76342961.67020187,818.9208940814202,830930.8109858094,65.9180711106466,61551.15521532098,36.00364631758236,27850.058156205498,363.99420263726165,408420.96493227594
79,685384.418840526,887248.0768962353,848239.6528461352,283.0079619240356,88051593.61278705,790.4327896555384,788558.4545291791,108.34212577703669,99281.39032814317,32.264635863696626,29628.077259794423,337.88388597091574,381909.6595805034
80,860120.1190412149,1058204.083971306,788729.0957593933,292.80949639292515,96991429.64463677,767.5963549813943,789057.92290233,102.50181989912919,94853.11748534208,33.94509944020439,33648.28420225797,341.8318612145853,382755.71836731385
81,581432.7165552409,967147.8160913081,760765.5274363717,249.40915071597328,78228502.43059362,835.5710213481839,825402.6268971409,70.94368381832301,65662.88366611178,35.78800890013095,28741.357021601245,342.80004551843433,403559.8983972508
82,853315.8584185865,952617.0591733392,812973.6775764301,208.5007385514985,93505194.82234375,711.0586301758364,765338.7231780251,106.92902289531268,100207.60846012713,36.406454134398174,50317.308608726176,331.41336562197813,367059.76842265687
83,576036.7857686034,994870.2843482657,792502.2171728399,284.16690977092463,80196637.10212669,864.0937719049151,835701.0782501299,64.69937348284425,59548.149189767624,35.33581622114141,25202.733166296588,345.390744779316,409531.14405632264
84,702027.3722167191,988699.8070493281,639836.3748965717,266.3123568727811,81107957.82341515,798.3229489412181,806801.23767746,89.23749208275447,82495.67453305572,34.334097674397576,29413.952383975215,346.9413023715579,393414.8450761977
85,605118.8696852875,1128774.317025019,729945.8747371426,231.82403018114405,78659118.19079326,836.8522383061014,835387.4363918118,57.84702924300555,53844.76896320872,37.60836121710178,31190.512859519906,345.46501836213986,409260.4644822965
86,620470.449341851,1066834.9924521903,533176.2325020942,294.85059952211543,73247106.09568825,862.7715619693643,844121.2487537423,56.34871223063096,52190.33874699274,36.074824734703036,24757.96607154922,355.46934294129386,415247.83792192646
87,858020.8324975499,1084869.9495160508,367383.4246030781,262.86654498013814,79384327.78170098,775.2859568501765,810790.2177025363,80.37509389912088,75392.8017241199,35.72442983289548,32882.26800368174,363.38039319486455,396695.52824903803
88,501367.72168485954,998758.8965358563,507627.41454737843,205.44016520116395,62376996.09313762,862.0495409381222,847448.2157121259,50.221037514405744,46611.7900358105,37.2574608733702,27176.34941574176,352.2999062552729,416791.82188328955
89,866571.814949155,963476.8493074845,701960.7238031949,276.7089872803169,92736468.20171909,756.936308325314,780408.4078944641,111.29151557251724,102766.11690238409,33.02744627692812,33857.084819455406,342.1659846348366,377870.9720729769
90,835554.9286079949,875200.1495372569,885187.1832322065,225.47897571127055,95414953.96067221,730.8101727797099,759766.5928747447,123.50198032557464,113423.51585972912,35.00478132222031,42282.06335713291,326.8107790758016,363436.1785751414
91,601145.4350244227,1191259.6782384638,415505.8259200101,278.17260209692427,67324599.64688948,890.4009648937721,859226.2328091657,43.369526067429675,40159.26956672497,36.374765625021546,22660.62637055988,363.53178399456976,424287.41838023474
92,654565.5413206513,1124417.5557112582,347373.5061777366,245.43704765834423,66648056.47994519,825.8132117819673,840294.821186525,55.72500210684139,52217.17913959666,36.908522624317776,28412.48611248847,370.1276518116298,413905.03701791714
93,832900.6139520975,1121694.5516307794,441630.12756740185,203.2226145754319,79002802.278812,749.0929955616274,804150.8227492734,75.49647431280226,71441.51917692902,38.339644682688686,42897.47143819062,352.15160089440394,391368.7042027272
94,802440.3121448071,889245.088501662,678174.5539254933,243.94924646889953,86662204.36733806,753.624819500691,778861.6386160902,111.19942631237122,102730.44128807128,33.34777709856262,35311.17351076863,339.58684415576687,376682.8544141096
95,840600.759538678,1152067.102421362,317300.4550294704,298.4364616285997,77757369.4604726,803.5142683366394,829717.3633278345,66.48195301167387,62539.851241287586,35.37109579667284,28094.84414940549,383.91846274641557,408606.4111986922
96,674115.0741628932,1342295.2607935925,850320.3348832328,220.3574599790535,87901745.57226591,822.8859335091413,831685.0011190255,56.794517909300204,53058.95743471389,38.5735736937849,35382.4066811911,342.5239978460858,406517.29972231743
97,736663.4196775686,1055706.7558636575,826560.9924092325,230.35060052447972,89450497.8553003,769.8995078941294,798075.8096402178,87.8836991650519,81834.67763739635,36.36458710670297,38121.703445099774,337.89018855693587,387132.761288723
98,560153.4474155144,1286520.2499651157,481345.80044250685,288.9600826347573,67915598.20210718,915.6081361357773,866100.042063738,38.76036241194229,35717.089433649984,36.0106394625584,20642.057818259775,362.9465041040541,428110.8764694699
99,683646.6720906897,1160498.6476580668,536101.9822449285,272.4537291118109,76966393.92180857,839.3724062605662,839162.4057016436,57.81955539175733,53878.84483086097,36.81357218338571,27738.19906220555,356.61165921542505,412562.516488482
100,549101.5422297987,1296438.4165919046,548789.3719671865,285.4406194963203,69890800.01438819,918.3203558981147,865280.4079186838,39.107954832437784,35958.500436294235,36.14400025538146,21131.82325617042,357.95225736289404,427292.0756662842
101,602310.700610967,1029882.9159380457,314521.42904232716,257.81288533203497,62136968.47321546,840.4583800798857,842162.4845954364,57.62211000479521,53813.345357605154,35.77281475642247,25091.390166975165,373.20996482638657,415226.2385304227
102,540129.2537096532,819247.5256313964,410658.44396995683,247.70440700296325,61184870.680795535,835.4124574939817,826330.3378014878,74.64794423585809,68947.53338838002,34.395337752166746,24711.121711774736,356.1372942350049,405245.72504752385
103,897996.9062806938,810876.3808727638,386950.6082416382,203.7523007092972,78006508.96911718,672.3471140653462,753093.1535483302,114.8285593441211,109101.20734767176,37.66167551716188,53085.34947530271,351.0805770228697,361654.6739333706
104,823136.1676896892,1136957.0700481618,817716.9453137052,280.11447984017394,96178612.160917,780.1632977622879,800481.1543298846,90.56222703711049,83917.98537790675,35.229814741269614,33850.32331736463,342.13547428066414,389143.92285748204
105,851779.3692433496,1156123.8125801864,887103.6918078931,207.0926001172118,97600487.08427987,728.1131429425881,776983.7746078619,96.70156714318767,90687.3880130558,37.25881202289311,48896.035826326624,331.1705424332115,373572.1917645049
106,665965.1311141932,1299318.4378583047,473929.7477757575,291.79695812123384,74429318.1558286,867.8890695953012,852167.5184717929,47.60421669067737,44253.86770853148,36.8513339909448,25176.743471602935,361.2999386830226,420140.5549668266
107,693437.4794224191,965856.8180355127,691360.8180650915,205.71293246625686,80427971.06229992,768.020382641634,798057.2241080151,87.99794079872726,82014.5123428982,36.3451907355982,37979.62472446579,339.2686002723012,387310.21086339315
108,594723.7454432227,1212327.0419042301,865502.9220983551,206.30217903747115,82807107.38748063,837.9443566484389,834707.8770182458,55.81194095971545,51908.93358529847,38.18376995090529,33674.265737633454,340.4913070968718,408041.93329552904
109,856691.6721188356,1120535.4339423147,876028.4592649289,271.54781222899,99842026.487827,767.7914107966685,794933.7968111142,92.48333059747482,85858.4302037735,35.699042150454936,37060.82484526021,338.5731663557378,385474.57848394534
110,699594.1320358344,1238203.869952576,627475.1985168927,248.77650602259746,81174547.19182123,823.1026969102414,833951.6133495773,58.96242951988649,55116.64949221318,37.63768859931305,31340.00864993107,352.0665457425962,409126.7396890247
111,538230.122461141,979912.7494816312,786450.093952938,291.4805617362832,77713553.21403916,896.886035654937,847652.8767063972,55.42490614383857,50776.59732585399,35.27850099447163,22741.358676092575,346.1645971872935,416185.3191557074
112,513046.43989859044,930213.8460997037,301609.87109983386,201.8886886768085,54419941.16179266,840.513001015876,844025.9327008446,53.620195676641416,50091.91005807996,36.81731709867882,27018.360746236398,366.3473155989519,415864.7770441944
113,754991.3557274132,1423370.8486724542,802265.8267749797,289.6254341980759,93363727.34678051,844.7147988879466,840101.1628108515,54.634883971571604,50850.08454479852,37.56652814414946,29797.352025700777,348.60524862099135,412276.9542571315
114,720354.0586665627,1355054.9233322078,464280.3106875452,267.03656858964047,76859652.12627797,839.5266332592774,843652.8505958093,52.30094041520782,48898.74185211251,37.402662367808844,28521.94905202794,360.8987190494963,415284.7518164698
115,730258.775676906,970342.0856075371,733425.5850468418,266.1508067494404,86215356.20214123,784.5780403812394,795051.5528484314,99.5541593009773,91899.90611746212,33.637351172440404,30980.80599824776,342.0522413318421,386207.8074721922
116,543698.1990165518,1332688.5695162406,502364.61643157306,280.8272099369198,67660902.07384315,922.1369712587133,867177.4830824614,38.10112715684952,35024.62421614768,35.927938235343774,20307.92725673823,361.25502185788537,428581.5208677148
117,841611.6501701279,1290510.3749804099,374488.1149017879,294.21443502363195,80749276.93092681,813.3716288073068,833176.0738288396,62.475615654403256,58587.65898293793,36.363126406026055,28736.96034302734,370.8617720338733,409982.23251910415
118,874025.9974015112,827756.7283024526,312125.1018819882,276.1275403787233,76675385.00591615,755.7988869848094,785406.7362031695,108.76054717607745,100882.60443096879,32.28007468384087,31197.676783811752,361.5060670418928,382086.4135189848
119,862543.5479378499,939325.7608764754,749044.8898415847,204.30647782219435,91251138.2472742,706.2581295437457,765914.0049634627,105.87340504980129,99612.91919602673,36.554488264972626,50428.22341933483,335.13679997377494,367906.7978286169
120,847498.2618937648,1026910.7439163527,489907.3283209951,286.19974183319823,84164116.02353473,776.0725448856352,801429.9189778711,91.60295490712203,85099.4435219874,34.62028104445481,31885.079028658372,352.33527595050776,390671.03156807914
121,561999.228489401,991826.99257556,626079.496527043,246.33688190831276,71833548.78568904,851.3621325932389,836991.8438143989,61.24122833879898,56727.43262910815,36.233898305732055,26857.381032429657,348.7320859540009,410685.38944034895
122,587554.343827516,1013354.7055056924,467797.78727920394,259.20649050163735,67499693.41723467,850.1008326653871,842498.8687860563,55.8689758609157,51982.496624892054,36.641999948695336,26503.186028794727,356.6036155413095,414461.02331045456
123,677958.2604811657,1245491.987867468,385347.8594257246,256.89092515080466,70396515.88448682,834.8142081779166,842804.302938282,54.0711653652303,50601.270538954384,36.9185764234091,27662.65999196749,367.66686866273267,415235.6185062331
124,848274.5856574624,1077160.498901923,304445.2462954361,213.2859553528849,74451439.31383502,749.0929955616274,806753.1794485799,75.49647431280226,71700.64007396459,37.44632157543862,40312.20568758877,366.64106660897204,393925.4343645789
125,826274.7080566784,1384782.7192584332,351479.58054343803,263.130181188093,78362083.38808444,813.4270194155245,837559.0554856923,56.02289828556944,52650.48519735695,37.31727184365542,30537.794529995303,371.66061056981056,412265.2525966558
126,636406.154599132,1272743.2316496493,512046.9768859204,278.537236404565,73724428.12758255,874.9680227060832,853216.1593004647,46.65051878665228,43258.9019304215,36.951594587650966,25155.85438330904,356.9893758690176,420444.03528422944
127,538802.0177173273,1435638.3853237429,329184.8176996522,200.91461405901518,58450272.44591243,916.0059912196556,884206.1029750304,10.12155543124704,9441.550457593778,39.85385274081505,29859.14594696975,372.7330039750641,437807.9850100997
128,747249.0169028018,841450.4733123002,761890.1007513407,212.42770234122426,85353903.68070191,745.6388813126904,774805.4314748953,110.9464588085365,102539.59506950915,34.109686663172035,39210.442977362225,333.61697547718234,373463.62401841726
129,706593.5313134438,1150473.6150437945,633740.0657792531,218.9158654970622,80416930.25985053,790.9759369947614,820114.7284649268,66.96234909581722,62839.43776141145,38.09411225020852,36538.2652826375,347.5627073268343,400649.3490795062
130,508472.9793713422,1006942.1250493751,868632.5564278034,261.12607014197914,78420010.04583289,890.092030568865,845489.1418588549,55.4814125766762,50913.8718238278,35.760148884737724,24598.156324851363,343.100053376647,414614.85159180243
131,768416.8686307035,1108307.198003062,488964.9263164341,299.4753392582537,80546551.82183465,816.9859795439028,825858.922738082,71.36651815391171,66462.0614936169,35.527670425427125,27673.040375157187,359.33165912865815,405292.30057526974
132,533870.4887026919,1098644.1719864658,764292.5788968529,219.19142861539802,75201477.24757084,865.145496648102,845572.2162975832,50.515439024789664,46766.94617825266,37.49165063695968,28697.67920446786,345.5285006391269,414945.0432294905
133,780347.6416960894,1334500.3919454743,648492.6835570142,223.0945791074774,86138797.9464565,785.3619021370432,821411.9295755618,62.6773047059881,59014.44199961929,38.95780949005286,39115.09696290722,348.428986130138,401103.25593872694
134,809178.0045960133,1033888.5458297883,721959.6995943552,273.5667399785344,90809468.26857264,768.859748926622,793087.3050178826,97.75975694590859,90647.12148077617,34.54500046484521,34082.52917857945,343.1817691280453,385140.4574062432
135,672194.1627159935,1240586.195747096,601883.4377342619,215.66996796954726,77504562.72502339,815.6887314430237,832807.0421647441,57.313188093180806,53643.923680667416,38.324778207352296,33844.93090713656,350.42877691497694,408086.55300077767
136,511412.40188166936,1418645.8182471273,510079.4072842128,240.05406076412237,65156944.38587266,939.410914849391,879444.236153621,21.64173996074598,19927.163290942903,37.777757834900505,23841.223265410783,360.43215456895035,435084.9650682397
137,658150.3438934258,1095610.6786770406,420124.79785679094,240.57099169516272,69589324.09801744,821.9098011498677,834386.1012580806,60.99450377643312,57037.1920163529,36.83401805674135,29093.303794799474,360.8227665468682,410129.4456757331
138,692462.268895882,982404.7158304151,558833.7170418268,212.08507502907494,75585693.30349442,773.119803885457,805013.2147018387,83.00079003602296,77585.20245567443,36.45318890166976,35973.532245035014,346.4807071758673,392128.98906872794
139,570358.0577836026,1448178.5445669363,832596.4109147943,298.0788694743532,83310521.75729012,917.792344906946,862662.1855514878,39.88717403596767,36623.23076040851,36.60902607664506,22849.65919219795,350.3315653799715,425110.74605996214
140,666734.8021189546,831425.6641687283,649374.551551895,260.89234110680957,78280151.75617607,787.0507347600354,795701.0863681823,100.10981553458943,92378.0499111364,33.32565657338826,29915.606625017237,343.92303620563825,386786.1289186097
141,653215.5724164026,1023752.776390896,378430.8557683733,244.08065890053797,67382793.22660983,818.5723981216004,833993.6006585227,61.60129081000795,57663.20263979276,36.64692796930598,28861.65652720072,364.7255128333538,410146.6881120987
142,514790.324751744,985694.0481109804,881926.4225372217,247.1002174833495,78884698.94712181,871.9582837033224,836797.2382834405,62.66663503441754,57589.98224630869,35.575992865661036,26067.267103033068,340.97349928093627,409554.53525115026
143,569126.1858647262,1060569.9919796465,817120.3328169014,283.6281960763854,80995111.05182438,884.0789571136781,844383.613048309,56.87786706623911,52278.74832237636,35.675747005456124,24307.056899595562,345.26669866159335,414320.9444854334
144,756100.4753751596,854268.6831967292,768991.9313572163,254.9607232391534,87741402.05150536,759.1049600480114,778500.7884805398,112.30140976508413,103361.26714446975,33.14342127914547,34971.32570821026,336.17047957415787,376036.0897603303
145,869689.3635132143,812582.8598753243,823089.0396478744,266.70931277755466,95949449.91077155,738.4047532335172,761245.5257286318,128.52265099758984,117656.58403178173,34.11167176342838,36774.55527722367,333.5708901897666,365329.0491781418
146,712394.123450357,1202346.1576734446,584750.2526967411,201.44739512472566,78410991.84779869,781.0946085766344,818512.8566821816,65.7213674397365,61842.44529786305,38.67914478247239,39015.12860958305,348.32413659924356,399520.0585183614
147,621398.0982215214,1172499.774517792,554698.2557454032,202.55920979971384,71978043.39113343,816.5121778679651,833088.9441437009,57.167792190483,53514.04762775585,38.30772471962908,33712.390731949126,350.48024994406705,408266.92110487155
148,707927.4086731821,1269733.1751823754,692661.135727314,250.0732922345129,84411818.35930234,823.0187247822204,832730.6765318112,59.420951407277315,55510.59291015731,37.75602578987984,32059.487809177772,349.04829157436467,408131.5437698537
149,627496.2933222969,1072520.1198367747,483069.5135324835,256.5829782605995,70684416.2785052,845.0295021973355,841028.463981374,56.791015406311615,52878.4757277647,36.69721673180712,26990.737909819145,357.0272732205784,413656.8835847262
150,859364.0718079892,1115838.4526005657,773737.4086896174,286.37189455942394,96547464.37443951,771.6185313031184,797817.220561212,92.07646556887721,85483.00940570087,35.29489478882034,34798.06789560576,343.402150884764,387744.6760956339
151,690915.5168787423,1295456.0983279967,732406.41783577,234.87860737686785,84596504.46552257,819.762964160532,830655.644656354,59.844333994482334,55917.80634529589,38.026083348668614,33556.69135738679,345.94116450715916,406552.26233263407
152,618670.1593292197,1288382.7062657923,571594.2643103132,202.4898467913857,72946759.23437019,826.593781115012,836836.7183038029,54.56197403568646,51010.78801425921,38.272077605441154,32698.585060000783,350.3898086008349,410402.45709849236
153,747897.0445429545,1166504.4753761375,557754.988001607,239.21988528911973,80533755.86265248,795.1227551103265,823230.2125291389,66.11785999698347,62039.09300485817,37.720973625849474,34476.787296669296,352.765075296279,402997.34233925794
154,530452.2657631917,839938.267920539,438456.70303424576,293.1850939621985,62889389.07539351,879.171661360497,834960.3130061773,71.6694255065479,65598.88541424947,32.971694666414955,19912.162424392467,355.2599641095068,409710.7206241085
155,728889.5004603115,1279063.1595263882,838394.8288051473,206.70683663445357,89739265.60122404,780.1526124030128,812913.5601266666,69.16772446271976,64961.61000255257,38.70722663050322,41048.4369158085,339.8331522402824,395384.0764773196
156,875708.025813512,883110.6490604358,819663.6817173332,215.0560213462993,94666154.78667957,703.8685262112282,748267.4060186301,129.10671388267613,119043.57056410122,36.45681337638426,47406.79678544938,327.7194854892991,356453.1544941986
157,762198.027796481,848928.0388986109,748012.5356452641,252.62261534153805,87149131.83275141,759.0146865484112,778688.6664589497,112.20472525406382,103385.25854755184,33.11984729362364,34786.02190304406,336.86227679140524,376281.9916334995
158,524116.99219720834,1154637.4503631452,884269.659501266,242.13634509079696,80095390.27718054,886.9606998343926,851531.6854108073,45.90288661825404,42342.995251398665,37.352272354404676,27497.69353403232,343.7480762403974,418050.8698513455
159,640068.1253937392,1366582.4547142768,772353.4733440406,260.1778787657596,84144626.20948823,866.9103341813571,847932.812805396,48.78496194326306,45179.13304415697,37.53134913153732,28098.576999266985,347.9894629589087,416552.70737909083
160,863933.5796685268,1393313.4107822685,356408.3331021373,240.81276262748284,80001687.63199544,785.5772846522028,826327.9346958601,61.237865572816155,57841.10965550238,38.081323298874075,35820.02128592183,366.1297220892883,405246.3983184652
161,533473.4386299573,1234509.9336990383,754224.7211364874,217.94347322478635,75219196.94139652,875.2259470165264,849363.5292634442,47.55936834190496,43969.09496441059,37.48559513966312,27937.367358014286,345.8444802997364,417103.17440664774
162,712583.9583360597,1117711.0137544568,380933.63965796627,273.15637363926555,72175616.11462647,820.9075552081437,835269.6041852196,61.17672625203473,57259.37806924834,36.41768936824344,28087.433492738728,367.83623325772624,411053.4083103101
163,663899.5906948311,936136.7069081834,468969.5691860627,210.3196262096968,70147720.48672983,777.9685289055565,808841.031190124,80.66109065647112,75426.09370438471,36.36633171793833,34582.68569100875,350.3148201729484,394700.98617262323
164,625377.4092393031,1308743.344771871,448681.64338982117,226.54248119459396,69228355.52400412,851.99278315872,846915.524434014,49.9630766819892,46578.24660346407,37.42760379680608,27753.72950961355,357.43159887683333,416894.98812462983
165,760495.208125074,1265436.1431198535,654466.0674184631,220.1857605199239,84835908.0860152,782.2553352906664,816473.7153739025,68.73927078191741,64611.387696486985,38.261889755967786,38164.0640183853,346.62607585585005,398397.5938053383
166,775511.424972031,872090.4985822826,358743.489773124,213.4515345685601,71531090.73753136,748.8954253225394,791176.73864646,96.97695429377472,90752.7614720331,34.72166761087047,35875.90023941558,356.6663811706522,385033.49662988505
167,627633.0244148392,903536.5224279363,457658.4247852941,224.47734236387893,67939925.8462526,798.0465362190257,816299.2294211991,77.52254600280627,72221.5743814311,35.81705633872608,30827.11297950526,352.7065031199633,399311.6614797793
168,505693.2309837698,1133732.2292913352,306456.40162280126,222.3042544182686,55367225.37478365,894.5972756244884,862042.1873439461,41.01430100306521,38007.1476252611,36.31252056589013,22189.2831453594,367.4755762216048,426069.17894151376
169,643725.0339744427,822003.8775857425,572071.8369673052,282.39835517104666,74516255.21057217,803.5949762286039,798232.0089253997,102.11666846566821,93790.62400038663,32.072673419208556,26149.180685282634,347.2630410621189,388425.1680245233
170,590654.6911858971,817002.4962778833,547422.0547141894,252.3671474780072,69656190.76372515,808.4570436494083,809812.5388740844,88.16012628611706,81407.78615314732,33.98614015631629,27691.40534354589,348.0142132039478,395274.1411079794
171,526278.3900914174,878312.8859165637,719537.8210556256,274.85304552068203,73515568.4350953,870.2348756874418,830488.9504011059,72.87737947102556,66728.39462705224,33.80772272027555,22900.46401176763,345.078647143486,406438.10007111984
172,523566.7538415852,1444909.0214049248,446936.9858434242,289.31913462081184,64483380.923527926,956.1416907997058,882292.9767578898,23.290056320007984,21387.886202078207,36.35308587390992,19770.79003894052,367.32913793847297,437297.52748632076
173,795562.3241249302,1362197.8697992782,549395.1143343294,265.7524879469877,84683575.28116912,809.0580726590993,830403.7350072184,61.45241310008622,57602.925470820264,37.597794591294104,32217.742356305927,356.527813867041,407424.77596304927
174,888575.3523577737,1140047.3820882353,697834.578303416,294.6333160889556,95628032.33886349,772.2705768889315,799089.4378504667,92.00714594712201,85461.1092945709,35.050245101821794,33669.242788266245,347.07620665616497,388869.25654572254
175,586647.4888711901,1336661.373641096,853286.216906458,246.75636178426814,83534876.47246721,884.4395715012726,851987.4563261927,45.97772867502383,42455.68787183783,37.31724797369981,26991.066430528463,345.94171872176884,418623.2532376995
176,855576.5111072969,1075348.062900683,678757.514258875,267.8197312795569,91738500.68531403,768.3269377224815,797353.3891573856,92.42639819160506,85896.10478816983,35.264248005808376,34842.03045033678,345.3838696129696,387681.9781096811
177,876283.2222062466,955315.0612113618,544038.0241857388,241.47043948921376,85794847.98928611,741.5499740845707,780077.1788074854,107.34694587830258,99758.29100367794,34.08289607253566,37194.936413012154,346.0956402235756,377859.83298173884
178,577967.730054259,1358220.1137840291,476968.7246677077,259.418189178637,68443477.73685159,894.8442469319878,860002.8389464753,41.93975320819866,38776.16096643108,36.68874679417886,23279.31405513343,358.8556457259763,424400.20979032986
179,779054.4959316982,893221.0634868863,687366.9633275358,279.11788609414043,86968630.28163531,766.2294114948774,782731.9006667763,111.17781566652995,102447.00917653258,32.627608192454474,32000.314738772235,342.2492749919183,379237.35675619927
180,880393.4370232054,1016940.5099283082,412936.2013911871,243.59165311745335,81353767.6000035,752.9455344563363,793749.3719818082,94.06161063636753,87968.40213120918,35.21709456814355,36217.74262000667,353.08629355042484,386237.90717903106
181,589464.0408146784,1274825.0304113552,835935.2251411538,223.3257760237486,82138355.66674744,853.2161109204784,841951.4377639422,51.49571693206873,47820.01361136726,37.970886983075395,31015.987339075826,343.8640571068739,412636.4670577831
182,723518.2980538973,1087767.6003624324,680862.9562040973,248.5828042050605,83944443.89912021,793.5014168495877,813499.0419911221,78.13569930323638,72820.16123957557,36.2407561992192,32802.10445037046,347.55565104089396,397214.07467246393
183,616705.2400222151,1232578.1476850053,711766.3896166843,262.6855720462589,79927104.67758803,863.0171973231588,846863.5678647368,50.336975856198166,46686.04881713969,37.33705189838372,27625.61215230562,350.01928088834455,416226.0115000064
184,659367.6770581468,1404608.7527709403,325697.1850849244,246.0775647900803,67085212.151548214,850.1924755900461,850377.6209174038,48.076933379298175,44970.60214791742,36.84289940399451,26201.82411803493,372.9800866783431,419695.48391159135
185,879451.5288348626,923493.5347106605,390287.40809367097,239.63668198823285,79601110.97843157,739.3177583548626,781689.9383084425,105.72219917844912,98584.06899971544,34.057150070541766,36907.92087508226,352.2279694044192,379262.3823976973
186,850829.3165715364,873667.2943156554,714253.8400679372,261.3494997243214,91123323.81685796,753.9791781274014,778946.6336593291,111.2431112448313,102737.71946577627,33.32510444166063,35223.17947215358,339.5890602560364,376722.4642813072
187,774243.2873601876,1257558.2371747044,766732.0937176747,256.5499295382279,91308630.34542544,795.5502908259672,821863.8829844942,66.03080069382739,61916.5345226166,38.02540230894882,35825.02232895522,347.7396852919977,401695.40051744424
188,740138.2868344528,948482.5735688341,841000.9500248887,231.2845588784363,89498275.05762114,758.1803982392175,780309.3628599074,107.88505733871956,99561.22911174945,34.018871672126004,37033.457773747214,333.802495862295,376690.22557567654
189,650510.9788867859,1315836.061598456,710098.7110006703,296.89227200296915,83147297.40523055,877.7383520103396,852706.972736327,46.635544543708875,43149.82431465195,37.08626493278831,25703.03075801645,352.84875331910894,419786.0173950736
190,635872.6509799733,1428514.9285071152,735555.0616179564,216.43159894038155,81374978.51589449,843.9206849637026,841061.4592814037,51.12893573530005,47641.079824219065,38.30320815697713,32051.601144403845,346.0923674660734,412328.2428107719
191,805581.2676649867,972099.1098699264,781776.6292493738,217.48613226782717,90403340.85181244,741.3201164172231,775671.7773900166,108.31752181000813,100411.09909379217,34.64478171230318,40529.64926761658,334.6935101779719,373991.75988782174
192,769677.1455131497,1253169.6904009941,609726.7381536366,225.16732337182188,83716780.8243378,782.2003991978185,817518.1511732093,68.49138314020234,64413.22579240014,38.1302006793015,37415.083454908716,349.42832822772885,399298.180799167
193,770130.768871006,1282095.4981085274,496885.1809389913,208.2100754880766,78759562.01662733,781.1913887828892,821308.6731376038,63.03108992909986,59419.72871069834,38.84009384815062,38843.02337348211,352.44587060587713,401380.54729293793
194,546798.6393253813,804977.3464363504,375431.6512329279,216.14926833550402,59251351.852603965,818.4050900498069,825488.8189232366,71.63300031714525,66663.27021167769,35.57649598039562,27802.55854260629,356.8444447704186,404927.8115627029
195,585066.727415784,1291984.4256708703,336669.4352856399,280.53743204219427,63385859.3700928,907.1598945551426,866226.0114751859,38.64829143850751,35757.64828579774,35.85719058981841,20533.607865369428,371.800052970338,428648.47314035695
196,657170.8821106028,1419962.4379382702,613381.5398963055,237.316190905183,78447112.32074675,853.8016134659898,846261.3460065948,49.63417085565943,46197.28653340397,37.693899301349134,28700.932933736618,352.6418937961425,416081.0250097176
197,896873.2994335955,1181552.4450282492,750247.0403116726,238.32748390068787,96310794.32405165,753.9532739227811,794054.1862552199,89.40513454954288,83719.06237980153,36.586294575104816,40053.70360880766,341.9260089207908,385232.98972776416
198,563767.4203596353,1018970.7078277096,555736.0738422036,285.6774060998993,70227272.72135247,887.4453082024936,849794.7072563588,53.45854644655158,49244.56903985909,35.51932203683249,22353.610307205454,354.02589485467973,418240.7411075979
199,842773.5707609933,1283765.047315168,669024.6737734128,297.5335634238402,92851343.61534145,806.2603244857354,823794.7390122387,68.9430748500477,64390.56402699689,36.81656991015865,31612.047971992586,352.2739944338274,403471.80908753484
200,646435.5487374001,1194393.0727061508,807982.2646865597,203.02181687333828,83413633.8261301,800.4192715191174,820913.4472395927,65.03932781631347,60867.98856760395,38.38428138670018,37665.866587080105,340.9207105262177,400231.6154793434
201,565152.2906307856,1399460.2866444439,538260.1109007618,211.41271012577235,68980205.25467977,888.3998121428524,866194.4647610359,27.5913240160394,25662.38185781129,39.36045343741893,30479.009185325798,356.43794687342887,426969.2508888948
202,873593.8552488176,1265124.9049855093,343690.3351671523,227.24102853252901,78926773.1598884,769.3960866898751,816851.5526040918,69.05826957377168,65318.58218907777,37.63859390612295,37233.1598983079,365.1856992330871,399824.262127791
203,807485.7548731496,1050486.0599958925,331048.51342639764,203.5276025324782,72837110.17558879,757.4031356543812,809675.6487732123,73.8031888439325,69894.4928304452,37.636524766766975,39359.09600005044,361.8553465536413,395436.19523843715
204,517233.65547187766,1304180.5328037573,871268.7232172056,251.04625981981548,79841187.42710306,904.7342896919786,857581.5472201733,42.49528899795536,39080.91762535634,37.00533578007382,25112.934136322852,346.1402525812821,421781.4326104943
205,762515.5873474265,1092030.0247910894,561724.5846994028,278.9374047989738,82433458.83559957,800.5993064767106,817464.3842902386,76.78797451569112,71536.04241936078,35.78727232146387,30425.61436590221,353.2092828716929,400034.8119901679
206,633821.5399251916,1068756.6405670266,349592.55281651963,210.65085312497575,64279636.57048127,814.3030591130421,834467.4450462211,59.23643203793316,55532.96177647303,37.26894293742014,30524.92053717103,363.6889701375342,410210.2568274832
207,706066.6808389301,1213531.297631835,587415.4279602899,200.55814509539906,78179088.65447228,785.3619021370432,821411.9295755618,62.6773047059881,59014.44199961929,38.95780949005286,39115.09696290722,348.428986130138,401103.25593872694
208,527701.589723792,1261692.5095850732,505772.2277406166,270.65959127313425,66348902.53857039,918.4134813495,865570.4515606989,38.970523715907234,35838.727739194845,36.108268660286136,20986.08472338299,358.8122533059515,427519.157737523
209,651295.0747928467,1046631.1250896936,665199.2576027536,288.02692591112975,80099051.80279317,842.1466608614115,831015.4341294661,67.71011981509905,62712.87355598945,35.581325608640824,26500.061260881892,349.5946207770436,407461.4879227764
210,681136.9403048392,906653.4826736044,565805.4431606992,275.3636177742844,76756810.97134894,795.5061658338556,804702.6334253222,92.0288193784969,85095.99745441649,33.89296752949196,28805.5655939114,349.0664815939379,392427.4811884149
211,672726.1583152886,1126626.7704214666,341535.58519258717,264.2698815770814,67999571.6586726,825.7064416561897,837334.1676299993,60.30422087956133,56424.27934604342,36.12127393194484,27005.264318518166,371.3956280332039,412416.8363255638
212,563471.7560478015,1326922.8182323442,804101.2207052761,209.5049398131783,79083914.84080608,865.323120242083,846124.1857665472,48.478640474465095,44890.29498080391,37.90006945661985,30020.267547889365,343.92592637605463,414925.66599852114
213,675105.1441681961,909289.6279438077,637567.2051589091,238.9102310139396,78157138.38673286,786.0278466007532,802603.0060013203,90.54459677332616,83823.4848374452,34.82199484269785,31989.767721017175,344.57330523528043,390687.8507549246
214,697546.2134090015,815606.1931862737,877901.4230425064,235.8238776069087,87705001.07743052,759.629928499661,776650.079205299,112.86366024029113,103787.67463893507,33.28051133030575,36222.41112020358,332.14746378766256,374432.7279877565
215,799721.6983916597,1447125.2789275725,515220.1517781401,218.4716074989893,82257533.72686917,786.3039025424829,824201.6342363552,61.012439631760714,57475.37911462917,38.848476502358444,38082.63645018077,353.73361258197815,403122.831220028
216,784065.5453631871,1167739.6919082755,460876.65783015953,248.13779592508928,79004576.91730489,795.7497261867985,824589.8298592805,65.9901895754962,61956.617897581105,37.41224502139109,33327.203995508025,357.6440545959475,404178.08005040797
217,574334.2270019441,1350291.364665363,340729.42378236837,243.1977663390449,62237448.66794987,894.9830040498949,862355.1616876854,40.639272755823875,37658.91513990899,36.348470994240444,22242.996520004577,367.5630119360115,426240.0081498385
218,715939.9539019687,934398.736311806,326512.1193714894,224.98401810209853,67787947.3632567,776.7958362324928,811381.5945074568,80.05614592459771,75059.63360694813,35.71800657881164,32660.281199699486,363.20413144855326,397030.81286544
219,714543.1753311898,974603.9754995028,745370.3444892897,251.37404377117122,85352982.74522232,784.804637354082,800601.6398937319,91.78926312022067,84941.78311956079,34.844747622892974,32718.33432087893,341.9378169311199,389257.7240255503
220,655539.2727439748,1089533.4151028753,465873.72216183983,207.38446331034964,70203163.39194182,800.506035123849,826389.9977253488,63.72335239076601,59766.46297723533,37.77523148623539,33794.17389304274,354.0641250308908,404890.66483030195
221,619441.2413315661,1248097.3549728564,847168.3586436565,245.10643462362236,84956251.14453113,853.6621114943005,841720.7605743792,53.09823354251052,49281.54937284622,37.60520740504432,29801.990119221053,345.42252372206895,412792.5426499407
222,550134.6761824449,1223876.4171760622,684927.6659872552,226.74802562639573,73746706.24453759,871.7590485217485,849269.4520665762,47.96418974803877,44397.26295844514,37.448842649986666,27626.207553905755,347.9126438476741,417315.43308597925
223,647649.0219077471,1347401.205520188,574082.8248420693,201.00851210055774,74911078.25164472,818.5491510763729,834965.7159396322,54.48375078920643,51050.55540457477,38.6434444760184,34399.46484417561,350.3548739383968,409195.83598375914
224,716543.8713961008,1063539.8442761605,873552.2090582227,286.8967626989348,92082705.1862054,809.5655173642906,807742.8380783005,88.04228333109509,81218.38163298435,34.43107715029952,29734.040202376505,340.29748774622584,393270.40174851916
225,559683.4870141863,1170735.8033463035,368121.69187001727,299.87166598941485,63116338.6015393,915.6097691904624,867013.2807310991,38.64281021815932,35653.989229537765,35.70415187547092,19880.22537717205,368.213689138668,428928.27323870466
226,750923.2254830718,899188.1976152537,651113.1535189035,220.6730041859975,82115243.84692249,759.0643191462817,786501.8905539,102.23373930149273,94776.90634107981,34.48270059611897,36090.81196343078,339.93152427137215,380999.6317242752
227,767323.7285756972,933706.3491368644,455872.6928199404,222.51623808327034,75686927.91532153,758.266768656903,794989.08133017,93.49590487885611,87270.02883299705,35.26707609835842,35731.31227673418,349.8755239160474,386746.1369273035
228,606421.7599125472,1423714.5823434973,524314.9295951593,275.63439205586286,72737927.2284565,896.4892832687729,859894.1073594883,41.86577404748839,38680.514364874005,36.751336786301664,23461.533955081577,356.84335153813254,424195.1035805059
229,525830.3919254092,1228179.4330050056,315880.41714614216,230.76697436307555,57496930.82313378,904.3414415290782,865509.7915786282,38.38129583939287,35508.173924891744,36.214038419619975,21436.078632097575,368.7159381009215,428063.2505722671
230,567663.8221894467,1317655.9528589067,621413.2158215723,249.31955721581795,73223062.26504754,891.5133347978275,856950.3221392714,43.57398572660666,40251.618700342326,36.95834978995836,24617.198590109867,352.74854098744225,422186.3121407876
231,871421.5140722382,976911.8186825527,303302.1369412319,214.40452083376923,75039693.98168911,721.7861463472965,783623.7623865097,97.3741965120152,92130.69707122864,35.37967622926452,41594.53707091976,364.503350591098,380808.8355437451
232,604618.4976610232,959184.0083642964,600091.8069559187,225.6882514353518,72589659.37232527,817.4491477852666,823364.7632721888,71.46729466689172,66444.02664483164,36.17335480822467,29934.972141098955,348.2706283117826,402975.76775234885
233,592406.0523362726,1158640.5253324043,455127.92467933183,221.95293361744757,66831215.261642836,850.7437878420054,846080.4603327495,50.74060537178642,47299.48022002483,37.39453949251688,27814.481887023758,356.9010959149534,416403.67538788693
234,877825.2308191787,1243578.5751319726,596108.8156260373,241.24858264768238,89709058.101194,774.1694777368665,814499.9125830523,70.38685613503783,66266.8937693897,38.12807422834692,38394.37690186528,350.4513033104158,397583.17933757417
235,790730.2848250766,1163395.8127499768,661883.8901117098,212.51169142380505,85981149.83331701,770.1437732093065,810907.3581416111,71.76726482097786,67563.33265005055,38.400215204416995,40406.02535438553,345.44491965163394,394950.03507906577
236,510407.2816976727,1322850.128539617,417472.37067296245,276.8906583405303,61887438.36164771,934.7663045967769,873795.3791565814,31.949463751225988,29372.990963784872,36.019685571219824,19770.400131984174,366.2294660241157,432550.0743707424
237,825114.6545988237,1249672.4496527312,440211.5203889462,234.43532546589654,80375006.04060967,781.2578728562448,819581.8201106064,67.65913496279748,63707.40981285775,37.860414776893876,36244.2357570937,356.58685377951525,401029.17820620193
238,889196.7120293776,997004.0953256276,782928.4104938682,234.25937870143014,95706974.86273412,740.1849200456395,774561.941051691,110.01696024308546,102013.69769440289,34.370431279818746,39992.561443062295,335.6637826155304,373581.4642986122
239,803193.02069005,824658.8722323314,874631.1673880388,287.55511136875253,95173334.75343542,765.6419206678239,778140.4815640858,114.90662229180512,105298.1687774923,32.703620926464744,33353.34930352107,335.69777025549143,375653.0438779816
240,839972.7555384557,1201376.4907726897,320062.9970662542,209.2585340127195,75131723.98113173,764.5818867054425,814702.45114697,70.12509868213765,66437.94933611718,37.68193456780345,38124.847942328284,365.2508163174105,398546.44925475563
241,610706.1882643405,1215464.1570891326,671305.9401939369,258.82132902358234,77791274.55254829,864.2080143555289,847759.3877436938,49.88333944387618,46279.87348293359,37.27561430257038,27205.463408842854,351.30554670427676,416869.29314782657
242,843759.383791,1440658.819458503,756227.8743590293,224.1927779276859,94391534.3346724,779.0223090688226,817494.4066387577,64.09828812132109,60374.96630228833,39.24998129849622,41371.900444557425,344.6607261861763,398324.5264503412
243,507197.6096751067,835418.3321968783,617126.9379624621,265.1771680610373,67900698.70511068,867.5446611089287,831934.747463367,71.1681778663386,65236.5347877101,34.07572440262115,23057.907990010986,346.98967848661044,407469.090163931
244,753134.1158769776,852202.5301155531,607223.9646180598,229.10868230391944,80488601.74421068,753.2475922683146,779364.386427095,110.98194224723707,102541.34548979613,33.31325827076205,35042.599962665714,340.96814462307583,377100.11917642376
245,807691.0964026579,1279873.1822889536,815363.5685986769,296.2809865533121,96556132.0362568,808.2696317219976,820111.0365721148,73.19300720662575,68106.52562981658,36.35227562017499,31313.49601258531,347.61306989822634,401006.89371284645
246,613664.0452946126,912711.1863421203,493179.3740685084,280.9768146932226,70173476.65574718,838.1488133300783,826868.0847709584,73.91047861326481,68250.62087923785,34.536088779420105,24886.568827575466,353.74920748200304,405396.43399579707
247,700924.2893355957,1004990.585100266,527763.9987657941,257.6301905103341,76458651.30196525,799.9318594775,817017.7024729461,77.06731215969735,71791.13696600901,35.80351559330966,30585.08849606332,352.7200073410754,399737.55958723463
248,882714.9504399213,901307.7041454511,645738.985832209,237.88299777131382,89524631.99051149,740.6507863132375,777271.8802885117,109.31953814092898,101465.61998107305,34.08167155857584,38077.345238449634,341.7753689333547,375864.5145579725
249,721797.9828232302,1148041.062814207,425728.866392183,227.66332242984785,73293529.07490242,798.0977452587827,826621.3587435865,63.736925695270116,59851.211793354276,37.65789757903304,33520.0271270731,357.66649046936465,405279.0922069094
250,535382.4457801883,1064818.6563205454,683665.8600559889,247.2231575222449,72783948.00587171,872.1348998380511,843815.7037745037,55.85898565907518,51543.23374054115,36.24845276064916,25603.50171210541,347.15133217194443,414256.34359901986
251,603291.1470365846,1071458.055039003,899749.0211368707,255.682868545298,85587612.40738826,836.4414744856886,824477.2100423023,71.30039367258358,65908.99580016226,35.83668134114748,29328.95298157223,340.48212767803625,402711.00448301836
252,763867.5899538617,1093692.5955042157,370924.29735786445,264.860481512528,74377909.16558146,797.5644482068117,825132.3598973507,67.97525859894004,63812.59010048888,36.51073471345283,31028.040144868137,365.9410837921641,405097.5969455886
253,814540.3535162879,983055.7088516429,362982.9665465277,241.6278305183132,75515663.9253644,766.0690541602805,804717.1292795398,84.72240031124117,79502.49324149442,35.70215175704983,34442.77448443386,359.3848450008527,392966.209188063
254,593724.4633507333,1220984.0060289537,407138.13674449484,216.7934325012236,65054010.838511445,848.3839993114553,846118.6039460175,50.89216609497261,47480.283059807436,37.30199783273114,27618.667627875602,359.71754507356906,416617.7964647784
255,748773.7926847718,842839.1597172006,612763.9342612056,288.28639356332366,82302178.21757734,772.6563853798502,783845.252372623,112.86861191526216,103619.97570960494,31.89784858279552,29800.85804162542,345.18454083500734,380041.38282234734
256,547675.3113612483,956690.1545847502,740430.2289045444,244.84524733840735,75243335.66084178,852.496185655815,831678.3638017443,66.7209342854109,61535.635569087994,35.65327587761832,26974.440610319394,343.4787146796199,407091.8890399042
257,758545.3064710533,1103943.594851547,599575.7262801593,291.9401185441984,84169303.3386166,811.4917437630015,821293.6961586094,74.32441811022473,69161.6741191015,35.725177540878114,29206.43080866719,352.6044665323523,402217.10337289737
258,861316.0088767501,1097843.877988241,867671.0818476242,232.26275876813787,98101338.14725314,750.6820898042758,787830.7895624379,94.30223971285902,87993.2112668406,36.329329410620865,41539.65752500702,336.0670381518628,380944.5514168603
259,893805.2188786801,1109643.930170915,517398.7958504214,279.5155102151321,88103165.41236609,766.042614050105,798911.4585653176,91.34871138104754,85171.10716794463,35.151694378809445,34167.241870494705,351.5785481153392,389147.1124183779
260,551943.5655867393,928472.174112245,776325.4757623875,250.47332166941135,76905796.69842674,840.1137352932757,822369.2399807343,75.58664802600957,69572.37561732784,34.98220798197082,27646.139191431364,340.8609271997674,401531.70047096495
261,669986.4162533545,1000456.1332416204,775017.5880801656,220.99207545966746,83134364.91100675,778.120912840693,801916.4314049695,85.67818773415317,79701.30446950597,36.28418998033723,36669.99397895337,338.85249278140867,389498.1363191873
262,518073.6447194229,1057562.2367718641,845293.3637201553,289.96220899364346,78993077.87772948,899.6624422879646,848424.2104145674,54.440682995000664,49844.459278085866,35.421985927064696,22934.837463889504,345.1125865729935,416487.7672531387
263,741987.7442284577,1185796.0937544778,526103.0742157669,218.37636278612905,78294309.98595114,782.6215970102269,818487.4724523362,68.09088290827175,64052.49269424914,38.0443095863703,36887.57722955502,351.5308714141036,400048.7086448
264,783699.1654345446,915628.51712204,392243.31499821483,242.85958530431662,74629533.12468073,764.3619367550398,798076.4604220514,92.84792143062744,86596.36256067813,34.77748754759304,33553.99781835387,355.0673648914696,388934.337142349
265,868080.8495473217,1439477.736743296,453383.2346774008,258.25978969379577,85015061.52708821,798.2005147484145,829603.9984107765,59.52485520343276,56002.66045432797,38.190019890434506,34560.40246258733,359.61119911980893,406893.9994527492
266,544358.3229135477,1208573.1785310814,743831.709752505,279.85356681612416,76999770.13945933,904.0331980248553,858894.149345502,42.28753583749668,38917.95814803698,36.787418548906174,24091.09006095914,349.76142218343404,422964.38862908556
267,632070.3362991593,1363047.4501096879,706622.948511227,233.39044026341347,80294789.87369104,857.5363919646509,845053.0318588279,50.39663571259795,46807.63288442005,37.703947513109476,29175.279778544686,347.86273580353037,414936.73876224644
268,581020.7109542799,925668.8447498576,495371.6329260242,254.03031149961657,67698479.64209214,842.0670414963912,832742.4258744793,66.6826387355201,61854.79956657675,35.48048557711693,25777.676247796124,353.88535898333737,408817.8551034904
269,623235.3224999616,1032493.9513049938,520132.56448263896,217.67349938822713,70600592.901688,811.4568444217093,828999.498228981,62.89499902721448,58865.03348877454,37.518266419184805,32245.69216439421,352.44367747382535,406367.8887388865
270,614572.3291063006,847492.6993655085,694725.4313757112,201.8416003504132,75343482.41111644,768.4709163394687,791279.3150012573,96.95097546713357,89836.88945160665,35.09326991122336,36497.39748622115,336.6137551241575,383258.1317787236
271,609487.5948691979,1410494.0334359962,339026.28822124883,258.5382782628024,64910079.59583503,885.4814738122533,860419.1049842173,41.81551391920754,38841.853487333996,36.39581193431737,22892.08454785475,370.6606931779217,425277.06075297634
272,638563.9138747024,1385311.8487166734,669780.6669285477,272.6160164490901,80401749.91137809,870.8622171236609,850813.9452092992,47.67498462105961,44189.71494241243,37.23214850324041,26440.428380027006,352.8041421253285,418714.68716200354
273,756313.149620465,1319491.412819687,536839.5950470204,248.04179796794935,81167028.47235012,810.9367243897764,832218.625165792,59.076919843797256,55377.483468085506,37.91106728631643,32724.75283109008,356.100371495009,408317.63662086555
274,529307.6953444675,1325905.019101535,474670.5218411719,209.73266380902064,63947823.59683427,902.5720221781364,869011.4273895243,28.036523244795074,25989.985373161155,38.5800258394495,27542.924596927285,357.7690833616395,428899.04169694096
275,853868.9988587011,862257.5009094082,395872.16665834974,262.4087785111511,78810365.17693691,754.9235217943177,783594.9098626485,109.57001244462151,101494.42388419106,32.650789522231676,32239.62844964558,354.0766759153411,380623.3895459385
276,848922.4968966849,1176008.8929410912,799499.3927534318,228.1524090662221,95183818.3368927,759.6064380098607,794867.7230649202,88.75812723298141,82972.69653539582,36.63883360051093,39997.98381683844,338.64038285066175,385338.98648598127
277,520793.39790000074,1048961.7241727524,400716.3883680296,219.6460908224226,59837389.20256925,867.6351996043186,851119.1318884494,48.038014774851156,44603.21480519118,37.03147395970739,25782.851145117682,357.464067541979,419280.33997826267
278,816840.9799659487,945064.2830522096,445271.0198887945,260.5791779560445,79336314.11500572,766.0349630543625,797792.8686829186,93.26617229355539,86850.70073900197,34.79435699873883,33545.813986499044,352.5319703294495,388587.8012769214
279,687128.7918321237,1359276.5139985753,699772.7763891062,223.9498635222616,82988035.85413778,821.3819415166847,833301.4693924409,56.649844270391206,52956.08663706291,38.38917156059471,34031.78073563347,346.9633548104779,408025.8310660266
280,558465.0155401387,1011040.8490915088,784536.1893523647,285.2015059982373,78891578.80792229,880.9577316051978,842465.3780294203,59.261047366830795,54463.669017001404,35.39193817998652,23935.799459172173,346.09125071205546,413352.985330253
281,793676.9235709226,1390387.3982631338,796016.3981905326,210.28910003699275,92356122.14562254,777.1593105629108,815732.5117786392,64.42461266090926,60669.72135211021,39.43725444280018,42687.22711351809,342.13918540023144,396919.28173182136
282,738389.447551996,1381590.6396670518,355185.17444957834,274.65249650893924,73716749.04991327,828.9411252318527,843075.2193044092,53.20326578422815,49885.8622731987,36.951388981799724,28147.442869397273,373.55662648798466,415608.5683263937
283,819865.6096121091,904060.2388109352,643238.4908452998,242.52501540113943,86314762.1202171,748.5831604792442,778639.69030644,110.34953192875089,102159.25262752199,33.59201331302058,36107.09582037505,341.4033590040646,376708.6366583629
284,893442.8393936723,845705.2471994287,309051.8084474861,221.82847863338193,75769915.0996111,718.4986407026662,777871.7305519069,103.94912784041834,98065.8931327421,34.59352830566812,41056.087224005634,362.99720957639556,377520.16608678916
285,836930.6855025517,1392842.2519776667,797353.3254956764,264.44727516865214,96960133.11607634,791.9134481659745,820044.9578955825,66.7713727117532,62644.777563382755,38.15655599446399,36783.91284218618,346.35789219242145,400475.4840019541
286,541976.3264246255,976302.5770166845,864053.5254840727,231.07572316470873,79371997.70575857,843.1616108873278,826325.4558855133,69.88436615946368,64517.175101485875,35.80843573135909,28969.6723974265,339.6831175440596,403610.21438815806
287,668156.360378709,884034.6858890955,635226.7309429301,208.11536761792115,76462331.79112549,768.0528526096853,795958.0953438778,92.45553645549523,85890.58591084907,35.52722698213535,36106.96159965099,341.2420428051753,386424.2028151517
288,639088.4484391473,941181.0689189514,842693.0937369268,211.84255024119992,83285221.35258889,774.1044349546444,795305.301046268,91.81218665250537,85041.14756720068,35.76413530212929,37466.85807454456,334.6699545801733,385106.680864956
289,683989.5037620784,1197960.0496643335,674484.7187265954,254.46855727859838,82128368.7691074,824.7792380580163,832536.8378410479,60.472799596632726,56432.36071372195,37.49801797964408,31328.51435534386,349.3064052577008,408103.3641002971
290,532385.7258633845,894781.4994408095,518717.312166085,281.45715928569064,66198836.61808893,884.1677436065266,847153.9583722941,56.44986472325072,52004.295512298544,35.17161359218754,22077.532462419236,354.4618365648537,416786.5566828666
291,681873.5211981643,1353427.1685201072,891232.3812542581,272.0444888757194,91653869.85891427,853.8522756529336,841980.498425858,52.995528793547685,49192.66849417126,37.58730764761523,29653.072066633023,345.83564036491987,412995.6182960402
292,718427.8974367725,1411506.713872328,837654.0389618757,229.6030267839617,90596261.37785445,818.8712675847333,831482.2354298851,57.2793547056873,53543.149353673725,38.53945794930688,35118.71017943285,344.74138674997755,406681.4133589871
293,583651.2130906093,1204554.897007588,322874.82787964086,226.12949366891934,61180886.90847203,849.9864960127256,848459.4871968278,49.97271086622684,46675.44773604414,36.87065291065357,26278.46555157308,367.8850220232011,418430.62600628583
294,545591.8617513212,1198859.370159736,793656.6014373736,292.24259105156943,79299414.31057477,903.6280900723636,854657.0060331037,47.421298158172206,43550.48692337965,36.140296404228195,23413.038237823464,347.5692574511876,420347.9128334682
295,644465.5164374483,909938.8749136648,855747.1999190142,299.18147886288034,86616526.4927549,816.0705368365883,802017.9868748231,97.49903765813936,89478.35414924385,32.65329764173873,26841.458060863646,340.5401566874554,389961.5976671905
296,612204.9042375082,915996.3541013687,851660.9797808975,238.6091076198749,82864549.02189235,804.5559491606012,802256.7940628927,92.18482912362174,85008.11000012247,34.25060531932088,31040.36809317548,336.35694227769164,389660.5150703924
297,709120.452571264,926802.5729879462,402989.1797831372,275.0392699540214,71982756.68348773,795.1575754099784,809114.9773872468,88.00372664349922,81539.32653072968,34.0564454213257,28277.27050341015,356.8426635960308,395457.8257815661
298,771374.828096451,951941.6150693058,404367.87039893173,257.4056842892531,75155692.02251063,779.4046865755201,803293.9349380784,91.24871157413578,84768.10550497452,34.243449581920935,30503.88470802707,356.94445836889435,392073.22612565046
299,812048.7670615802,1268905.5250705357,716886.5207891418,290.6775002651806,92697127.7646339,808.6443168510108,824196.288300876,68.46093906033961,63871.88427602675,36.89592485014405,31735.305722522447,350.4898157104431,403528.5257808458
300,628863.0509087301,800891.4718307464,564081.7282214297,228.83454216903442,71671399.0828476,782.960663044603,794943.3458951649,100.16172236082409,92485.54853956279,33.477198361466456,30522.633668700248,344.27798460577986,386386.11499225505
301,566499.7195645751,1144290.6118358898,879705.2593109496,287.46401533109577,83690144.18556315,888.5044386276428,846119.5090623884,55.210439075852825,50738.87264355035,35.75751716973433,24210.79780690287,344.9706493847172,415244.37547426444
302,500967.44506069494,1368977.184754836,779984.6394684331,282.7191847191386,76109272.6223016,948.5331995752775,870765.4235173215,34.29177264878791,31347.103475291704,36.4639618722976,20512.40150982024,351.3885314965498,429645.0263779212
303,552896.4236160284,1255410.4914564674,676668.7864820957,263.83537099734406,74644058.2828636,899.6848813316034,858615.9735980816,42.80326917908584,39481.62340281698,36.74552498884632,23819.759859995742,352.26701977272734,423095.4529780339
304,579317.3711025954,1408676.4000669117,830623.9160797953,297.25168446802263,83682107.06426653,909.8929408273931,860387.2253939064,41.291229884460265,37969.02957867903,36.68539897086334,23636.401732269165,349.71714211164607,423792.4592259739
305,891110.4568163286,1009216.9314837758,715113.9505923621,268.6190591792963,94632271.37333262,751.5903580427401,779080.3796101324,110.75725206592551,102438.0968334056,33.412297643074176,35415.36585571055,341.1227727107514,376965.9976766459
306,895721.076198122,1303332.4908431948,666477.1076818099,237.59907528478664,93615668.1675099,770.3446209216627,812127.2670314963,71.16621417153345,67006.96125263406,38.3435303555934,39842.45290805398,347.7394204945098,395875.3525574111
307,803898.6916384252,1217613.9654555595,889736.3634879113,232.07816406736214,96583125.14072333,771.6115365796294,805726.1719491719,77.0174462617123,72273.09104605007,37.87956729632726,40501.569721545035,339.55888011354926,391470.70384906046
308,679353.2156357341,1252328.016711581,896195.4088660233,283.85069239806967,91642798.63225655,854.430442532622,838916.1966585609,57.45612233545925,53212.78939773793,36.914218866226676,28510.06263073421,345.0588604941481,411262.90808665194
309,670176.994860711,1083339.4637580032,577513.7146055494,219.92062946257607,75868612.22004136,796.9280201908535,823134.0536387602,65.75025300141994,61659.86646783525,37.864242295421064,34919.466322256696,350.07124938210376,402694.59846605465
310,870219.1831393174,1402921.9373588266,896490.0986447771,253.26664997390628,102287364.2872544,780.0035964638713,814154.4258984532,69.19808815353147,65012.36551430423,38.531360491049576,39880.8760217309,342.7161509284765,396532.4303387377
311,820824.9946485015,1241196.4321518843,823632.4352855079,252.92668076974974,95916392.97556543,778.2718772756273,809932.5890143714,75.1161871587754,70420.0078448678,37.69834362049957,38456.18273080528,342.5110097280276,394321.1864452951
312,583894.3625795817,867735.8292904614,360319.86181600665,213.0650785850201,61014838.65483426,808.9816461283632,825601.8579188841,69.61940793997168,65032.82873766561,36.10077485886617,29343.409928222143,360.2151102616485,405144.8642682858
313,884919.4274298034,1407294.178655589,551561.0753772685,204.92656214294252,87652420.25856969,757.9658263538274,811265.6945803983,67.0126703437223,63443.49275977288,39.39042994102852,44165.86610764316,350.1712009349258,394934.6444620886
314,688096.8823420347,1329480.838906392,384171.89487422793,288.53697699613406,72103062.29836182,854.1185635543738,849999.5449102867,49.14260526850544,45886.67478045904,36.717881829213574,25630.223386174428,369.48733787896043,419384.43051611946
315,572042.4688896014,1163800.7225070451,588982.2558278705,223.5981946469345,71011568.04255505,861.1516740376534,847571.9665590571,49.43832099289096,45909.9409081492,37.46027398358376,27751.917802373966,351.6356198685804,416768.40414561454
316,773724.0307921341,1113516.3136245422,729341.9375308211,213.9839400060803,87473281.22545035,769.351785473396,808184.2732301082,74.1373428140838,69701.6719918676,38.23778717197881,40792.935310692825,342.6571800338396,393118.78747830365
317,633257.4064720597,1230400.864606528,379295.4709465127,286.6946251039209,68164331.8555452,868.314895907334,853638.6631117282,46.876589775674155,43640.0874608168,36.60271561804492,24444.885722059455,366.8656330391056,421302.29594135087
318,786339.7776756287,1082155.0542325047,569722.5290941522,284.6385384018006,84222455.31730483,796.3692232901278,814230.5050953514,79.60648233050252,74092.76253889975,35.63617687245555,30887.237031010765,351.5787891494669,398039.71855179576
319,728068.8973030148,1310641.883764127,708269.2506845768,236.03166957266086,85909975.07566887,814.619579109337,829448.5448266371,61.38713318099601,57403.44886261078,37.859685670906764,33236.760070820645,348.4417226644863,406169.15248064685
